{
  "mse": 54.53340148925781,
  "r2": 0.00742235341678521
}