{
  "accuracy": 0.612,
  "precision": 0.556390977443609,
  "recall": 0.27040194884287455,
  "f1": 0.3639344262295082
}