{
  "mse": 49.62089157104492,
  "r2": 0.004526862681821675
}